difficult,easy
perusal,examination
deferential,respectful
vex,annoy
brusque,rude
avarice,greed
arcane,mysterious
negligent,careless
staid,serious
diligent,hardworking
innate,natural
coherent,logical
furtive,secretive
negligent,careless
aberration,oddity
obsequious,submissive
erudite,knowledgeable
forsake,abandon
negligent,careless
avarice,greed
insular,isolated
panacea,cure-all
jubilant,joyful
rash,reckless
acquiesce,agree
demure,modest
innate,natural
perusal,examination
impudent,disrespectful
penchant,liking
zenith,peak
acquiesce,agree
appease,calm
impertinent,rude
avarice,greed
obsequious,submissive
gluttony,overeating
elated,happy
obtuse,slow to understand
avarice,greed
plethora,excess
zenith,peak
morose,gloomy
alacrity,eagerness
staid,serious
amiable,friendly
venerable,respected
venerable,respected
insatiable,greedy
rife,common
jubilant,joyful
demure,modest
decry,criticize
wanton,deliberate
venerable,respected
appease,calm
negligent,careless
decry,criticize
candor,honesty
flabbergasted,shocked
despot,tyrant
gluttony,overeating
quaint,old-fashioned
insatiable,greedy
forsake,abandon
embezzle,steal
insular,isolated
jubilant,joyful
inveterate,habitual
deferential,respectful
salient,important
cajole,persuade
debase,degrade
salient,important
salient,important
enmity,hatred
predilection,preference
venerable,respected
connive,plot
jubilant,joyful
penchant,liking
gratuitous,unnecessary
haughty,proud
obsequious,submissive
repudiate,reject
appease,calm
eloquent,expressive
eloquent,expressive
aberration,oddity
implacable,unforgiving
connive,plot
abhor,hate
insular,isolated
enmity,hatred
empathy,understanding
diligent,hardworking
deferential,respectful
penchant,liking
eloquent,expressive
debase,degrade
rash,reckless
perusal,examination
gluttony,overeating
vex,annoy
feral,wild
candor,honesty
acquiesce,agree
fractious,grumpy
insular,isolated
knell,signal
staid,serious
inept,incompetent
cajole,persuade
implacable,unforgiving
brusque,rude
superfluous,extra
candor,honesty
inept,incompetent
alacrity,eagerness
empathy,understanding
alacrity,eagerness
elated,happy
arcane,mysterious
despot,tyrant
feral,wild
embezzle,steal
umbrage,offense
plethora,excess
umbrage,offense
furtive,secretive
despot,tyrant
lurid,shocking
coherent,logical
furtive,secretive
embezzle,steal
negligent,careless
plethora,excess
insular,isolated
implacable,unforgiving
acquiesce,agree
zenith,peak
innate,natural
confidant,trusted friend
cajole,persuade
acquiesce,agree
perusal,examination
cajole,persuade
maverick,rebel
knell,signal
inept,incompetent
extol,praise
perusal,examination
venerable,respected
deride,mock
plethora,excess
staid,serious
impeccable,perfect
fabricate,make up
repudiate,reject
chide,scold
eloquent,expressive
umbrage,offense
modicum,small amount
venerable,respected
penchant,liking
erudite,knowledgeable
demure,modest
erudite,knowledgeable
superfluous,extra
intrepid,brave
modicum,small amount
zenith,peak
chide,scold
empathy,understanding
furtive,secretive
serendipity,luck
elated,happy
enmity,hatred
sycophant,flatterer
appease,calm
confidant,trusted friend
haughty,proud
salient,important
callous,heartless
rash,reckless
cumulative,increasing
jubilant,joyful
truculent,aggressive
vex,annoy
clandestine,secret
plethora,excess
perusal,examination
zenith,peak
demure,modest
enmity,hatred
demure,modest
maverick,rebel
eloquent,expressive
demure,modest
confidant,trusted friend
superfluous,extra
gratuitous,unnecessary
elated,happy
implacable,unforgiving
extol,praise
indolent,lazy
rife,common
brusque,rude
zenith,peak
negligent,careless
obtuse,slow to understand
negligent,careless
haughty,proud
plethora,excess
brusque,rude
salient,important
enmity,hatred
insatiable,greedy
embezzle,steal
oblivious,unaware
cumulative,increasing
embezzle,steal
impudent,disrespectful
erudite,knowledgeable
chide,scold
demure,modest
plethora,excess
brazen,bold
aberration,oddity
brazen,bold
haughty,proud
impeccable,perfect
sycophant,flatterer
wanton,deliberate
serendipity,luck
oblivious,unaware
decry,criticize
quaint,old-fashioned
gratuitous,unnecessary
gratuitous,unnecessary
clandestine,secret
obsequious,submissive
maxim,principle
implacable,unforgiving
morose,gloomy
candor,honesty
rife,common
acquiesce,agree
fabricate,make up
inept,incompetent
coherent,logical
sycophant,flatterer
innate,natural
fabricate,make up
refurbish,renovate
obtuse,slow to understand
impudent,disrespectful
haughty,proud
cumulative,increasing
confidant,trusted friend
appease,calm
fabricate,make up
eloquent,expressive
embezzle,steal
sycophant,flatterer
implacable,unforgiving
erudite,knowledgeable
decry,criticize
inept,incompetent
implacable,unforgiving
erudite,knowledgeable
venerable,respected
avarice,greed
impudent,disrespectful
umbrage,offense
infamy,dishonor
fractious,grumpy
indolent,lazy
sycophant,flatterer
diligent,hardworking
enmity,hatred
staid,serious
abhor,hate
vex,annoy
fabricate,make up
maverick,rebel
brusque,rude
salient,important
predilection,preference
erudite,knowledgeable
abhor,hate
repudiate,reject
deride,mock
cajole,persuade
venerable,respected
meticulous,careful
cumulative,increasing
parody,imitation
venerable,respected
staid,serious
morose,gloomy
amiable,friendly
rife,common
coerce,force
aberration,oddity
salient,important
forsake,abandon
sycophant,flatterer
salient,important
fractious,grumpy
rife,common
eloquent,expressive
predilection,preference
acquiesce,agree
modicum,small amount
empathy,understanding
intrepid,brave
cumulative,increasing
feral,wild
amiable,friendly
embezzle,steal
candor,honesty
hypocrisy,insincerity
complacency,satisfaction
complacency,satisfaction
morose,gloomy
debase,degrade
infamy,dishonor
brazen,bold
confidant,trusted friend
rife,common
lurid,shocking
complacency,satisfaction
maverick,rebel
obtuse,slow to understand
jubilant,joyful
obtuse,slow to understand
inept,incompetent
empathy,understanding
jubilant,joyful
indolent,lazy
complacency,satisfaction
gluttony,overeating
modicum,small amount
implacable,unforgiving
cajole,persuade
wanton,deliberate
plethora,excess
clandestine,secret
embezzle,steal
gluttony,overeating
meticulous,careful
erudite,knowledgeable
infamy,dishonor
oblivious,unaware
oblivious,unaware
inveterate,habitual
superfluous,extra
diligent,hardworking
chide,scold
aberration,oddity
maverick,rebel
sycophant,flatterer
despot,tyrant
gluttony,overeating
innate,natural
acquiesce,agree
forsake,abandon
meticulous,careful
penchant,liking
insular,isolated
refurbish,renovate
knell,signal
arcane,mysterious
morose,gloomy
parody,imitation
candor,honesty
quaint,old-fashioned
fractious,grumpy
fabricate,make up
maverick,rebel
fractious,grumpy
venerable,respected
coerce,force
serendipity,luck
furtive,secretive
demure,modest
impudent,disrespectful
vociferous,loud
truculent,aggressive
repudiate,reject
quaint,old-fashioned
erudite,knowledgeable
clandestine,secret
hypocrisy,insincerity
avarice,greed
modicum,small amount
diligent,hardworking
decry,criticize
refurbish,renovate
flabbergasted,shocked
avarice,greed
embezzle,steal
vex,annoy
venerable,respected
plethora,excess
sycophant,flatterer
empathy,understanding
brusque,rude
umbrage,offense
gluttony,overeating
elated,happy
insular,isolated
acquiesce,agree
hypocrisy,insincerity
plethora,excess
oblivious,unaware
decry,criticize
forsake,abandon
staid,serious
amiable,friendly
impeccable,perfect
insatiable,greedy
callous,heartless
acquiesce,agree
abhor,hate
staid,serious
penchant,liking
rash,reckless
impeccable,perfect
serendipity,luck
vex,annoy
negligent,careless
obsequious,submissive
impertinent,rude
decry,criticize
debase,degrade
serendipity,luck
enmity,hatred
debase,degrade
connive,plot
serendipity,luck
morose,gloomy
appease,calm
staid,serious
eloquent,expressive
umbrage,offense
deride,mock
repudiate,reject
panacea,cure-all
umbrage,offense
impudent,disrespectful
wanton,deliberate
haughty,proud
serendipity,luck
insatiable,greedy
embezzle,steal
enmity,hatred
lurid,shocking
coerce,force
connive,plot
callous,heartless
refurbish,renovate
parody,imitation
coherent,logical
hypocrisy,insincerity
brazen,bold
morose,gloomy
gluttony,overeating
refurbish,renovate
coherent,logical
staid,serious
modicum,small amount
abhor,hate
connive,plot
complacency,satisfaction
staid,serious
brazen,bold
innate,natural
venerable,respected
diligent,hardworking
despot,tyrant
debase,degrade
rife,common
impeccable,perfect
modicum,small amount
maverick,rebel
callous,heartless
furtive,secretive
feral,wild
abhor,hate
furtive,secretive
acquiesce,agree
oblivious,unaware
zenith,peak
insatiable,greedy
oblivious,unaware
elated,happy
refurbish,renovate
debase,degrade
hypocrisy,insincerity
truculent,aggressive
impertinent,rude
haughty,proud
salient,important
forsake,abandon
aberration,oddity
maxim,principle
brazen,bold
superfluous,extra
umbrage,offense
forsake,abandon
obsequious,submissive
innate,natural
morose,gloomy
sycophant,flatterer
cumulative,increasing
impeccable,perfect
demure,modest
indolent,lazy
gratuitous,unnecessary
forsake,abandon
arcane,mysterious
maverick,rebel
haughty,proud
knell,signal
oblivious,unaware
predilection,preference
staid,serious
vociferous,loud
perusal,examination
elated,happy
demure,modest
rash,reckless
feral,wild
gluttony,overeating
obsequious,submissive
inept,incompetent
arcane,mysterious
modicum,small amount
elated,happy
flabbergasted,shocked
obtuse,slow to understand
rife,common
superfluous,extra
infamy,dishonor
maxim,principle
gluttony,overeating
truculent,aggressive
meticulous,careful
modicum,small amount
brazen,bold
staid,serious
impertinent,rude
vociferous,loud
furtive,secretive
penchant,liking
panacea,cure-all
meticulous,careful
lurid,shocking
clandestine,secret
quaint,old-fashioned
callous,heartless
fractious,grumpy
brazen,bold
furtive,secretive
umbrage,offense
salient,important
serendipity,luck
inept,incompetent
morose,gloomy
penchant,liking
innate,natural
plethora,excess
obsequious,submissive
penchant,liking
inept,incompetent
maxim,principle
obsequious,submissive
fractious,grumpy
brazen,bold
coerce,force
insatiable,greedy
aberration,oddity
cumulative,increasing
plethora,excess
extol,praise
panacea,cure-all
abhor,hate
complacency,satisfaction
aberration,oddity
diligent,hardworking
coherent,logical
enmity,hatred
acquiesce,agree
rash,reckless
debase,degrade
gratuitous,unnecessary
deferential,respectful
eloquent,expressive
infamy,dishonor
enmity,hatred
abhor,hate
oblivious,unaware
eloquent,expressive
insular,isolated
infamy,dishonor
flabbergasted,shocked
gluttony,overeating
intrepid,brave
erudite,knowledgeable
infamy,dishonor
embezzle,steal
forsake,abandon
amiable,friendly
meticulous,careful
implacable,unforgiving
impudent,disrespectful
erudite,knowledgeable
complacency,satisfaction
impeccable,perfect
quaint,old-fashioned
vex,annoy
plethora,excess
extol,praise
gluttony,overeating
gratuitous,unnecessary
feral,wild
serendipity,luck
gratuitous,unnecessary
coherent,logical
diligent,hardworking
brusque,rude
plethora,excess
penchant,liking
jubilant,joyful
meticulous,careful
predilection,preference
superfluous,extra
arcane,mysterious
elated,happy
penchant,liking
elated,happy
arcane,mysterious
cumulative,increasing
fabricate,make up
feral,wild
indolent,lazy
deferential,respectful
infamy,dishonor
connive,plot
obsequious,submissive
demure,modest
innate,natural
cajole,persuade
negligent,careless
vociferous,loud
quaint,old-fashioned
gluttony,overeating
indolent,lazy
knell,signal
lurid,shocking
embezzle,steal
modicum,small amount
zenith,peak
coherent,logical
complacency,satisfaction
meticulous,careful
insatiable,greedy
decry,criticize
appease,calm
maverick,rebel
implacable,unforgiving
intrepid,brave
lurid,shocking
innate,natural
obsequious,submissive
inveterate,habitual
modicum,small amount
cumulative,increasing
clandestine,secret
insatiable,greedy
panacea,cure-all
candor,honesty
decry,criticize
brusque,rude
alacrity,eagerness
feral,wild
forsake,abandon
implacable,unforgiving
impertinent,rude
despot,tyrant
superfluous,extra
umbrage,offense
penchant,liking
staid,serious
innate,natural
debase,degrade
abhor,hate
jubilant,joyful
coherent,logical
brazen,bold
erudite,knowledgeable
enmity,hatred
flabbergasted,shocked
jubilant,joyful
salient,important
predilection,preference
penchant,liking
impudent,disrespectful
parody,imitation
avarice,greed
demure,modest
impertinent,rude
implacable,unforgiving
predilection,preference
acquiesce,agree
lurid,shocking
superfluous,extra
lurid,shocking
rash,reckless
haughty,proud
modicum,small amount
maxim,principle
superfluous,extra
infamy,dishonor
impudent,disrespectful
impudent,disrespectful
clandestine,secret
quaint,old-fashioned
oblivious,unaware
gratuitous,unnecessary
callous,heartless
amiable,friendly
serendipity,luck
fractious,grumpy
negligent,careless
oblivious,unaware
zenith,peak
sycophant,flatterer
jubilant,joyful
predilection,preference
coherent,logical
parody,imitation
alacrity,eagerness
enmity,hatred
confidant,trusted friend
diligent,hardworking
fractious,grumpy
vociferous,loud
connive,plot
perusal,examination
gratuitous,unnecessary
coerce,force
cajole,persuade
inveterate,habitual
empathy,understanding
intrepid,brave
venerable,respected
haughty,proud
cajole,persuade
maxim,principle
vex,annoy
brusque,rude
diligent,hardworking
alacrity,eagerness
fabricate,make up
haughty,proud
furtive,secretive
plethora,excess
intrepid,brave
quaint,old-fashioned
innate,natural
perusal,examination
insular,isolated
cajole,persuade
clandestine,secret
deferential,respectful
extol,praise
impeccable,perfect
fabricate,make up
impudent,disrespectful
vociferous,loud
insatiable,greedy
plethora,excess
empathy,understanding
insular,isolated
innate,natural
debase,degrade
gratuitous,unnecessary
chide,scold
umbrage,offense
extol,praise
deride,mock
empathy,understanding
insatiable,greedy
hypocrisy,insincerity
innate,natural
impudent,disrespectful
brusque,rude
innate,natural
amiable,friendly
negligent,careless
inept,incompetent
negligent,careless
morose,gloomy
obsequious,submissive
deferential,respectful
truculent,aggressive
complacency,satisfaction
indolent,lazy
debase,degrade
refurbish,renovate
fractious,grumpy
zenith,peak
obsequious,submissive
diligent,hardworking
predilection,preference
empathy,understanding
despot,tyrant
repudiate,reject
negligent,careless
salient,important
clandestine,secret
meticulous,careful
panacea,cure-all
knell,signal
inveterate,habitual
amiable,friendly
infamy,dishonor
coerce,force
enmity,hatred
avarice,greed
negligent,careless
decry,criticize
truculent,aggressive
coherent,logical
feral,wild
predilection,preference
demure,modest
rash,reckless
confidant,trusted friend
elated,happy
complacency,satisfaction
salient,important
implacable,unforgiving
knell,signal
lurid,shocking
vex,annoy
brusque,rude
connive,plot
gratuitous,unnecessary
maverick,rebel
infamy,dishonor
deride,mock
maverick,rebel
acquiesce,agree
umbrage,offense
hypocrisy,insincerity
superfluous,extra
embezzle,steal
coherent,logical
flabbergasted,shocked
fabricate,make up
maxim,principle
truculent,aggressive
plethora,excess
erudite,knowledgeable
coerce,force
knell,signal
intrepid,brave
deferential,respectful
amiable,friendly
coherent,logical
vex,annoy
extol,praise
quaint,old-fashioned
negligent,careless
infamy,dishonor
avarice,greed
meticulous,careful
impeccable,perfect
hypocrisy,insincerity
knell,signal
zenith,peak
gratuitous,unnecessary
diligent,hardworking
insular,isolated
impeccable,perfect
furtive,secretive
inept,incompetent
haughty,proud
rash,reckless
coerce,force
connive,plot
avarice,greed
rife,common
parody,imitation
panacea,cure-all
serendipity,luck
indolent,lazy
insular,isolated
obtuse,slow to understand
amiable,friendly
repudiate,reject
abhor,hate
deferential,respectful
rash,reckless
maxim,principle
callous,heartless
penchant,liking
haughty,proud
predilection,preference
haughty,proud
lurid,shocking
despot,tyrant
superfluous,extra
refurbish,renovate
furtive,secretive
knell,signal
predilection,preference
indolent,lazy
truculent,aggressive
diligent,hardworking
embezzle,steal
maverick,rebel
decry,criticize
truculent,aggressive
demure,modest
insular,isolated
insular,isolated
penchant,liking
cajole,persuade
chide,scold
appease,calm
deride,mock
vociferous,loud
maxim,principle
deride,mock
staid,serious
salient,important
coherent,logical
intrepid,brave
intrepid,brave
gratuitous,unnecessary
demure,modest
superfluous,extra
predilection,preference
debase,degrade
elated,happy
oblivious,unaware
fractious,grumpy
inveterate,habitual
insatiable,greedy
maxim,principle
coerce,force
extol,praise
gratuitous,unnecessary
insatiable,greedy
truculent,aggressive
demure,modest
brusque,rude
brusque,rude
insatiable,greedy
acquiesce,agree
flabbergasted,shocked
complacency,satisfaction
arcane,mysterious
flabbergasted,shocked
obsequious,submissive
serendipity,luck
fabricate,make up
modicum,small amount
gluttony,overeating
obsequious,submissive
despot,tyrant
maxim,principle
enmity,hatred
confidant,trusted friend
infamy,dishonor
debase,degrade
oblivious,unaware
venerable,respected
rash,reckless
enmity,hatred
modicum,small amount
insular,isolated
perusal,examination
erudite,knowledgeable
extol,praise
abhor,hate
chide,scold
vociferous,loud
arcane,mysterious
venerable,respected
clandestine,secret
enmity,hatred
eloquent,expressive
amiable,friendly
candor,honesty
wanton,deliberate
embezzle,steal
staid,serious
predilection,preference
arcane,mysterious
vex,annoy
fabricate,make up
vex,annoy
empathy,understanding
jubilant,joyful
maxim,principle
panacea,cure-all
panacea,cure-all
predilection,preference
appease,calm
gratuitous,unnecessary
wanton,deliberate
amiable,friendly
aberration,oddity
zenith,peak
lurid,shocking
oblivious,unaware
amiable,friendly
alacrity,eagerness
jubilant,joyful
furtive,secretive
complacency,satisfaction
staid,serious
arcane,mysterious
fractious,grumpy
impudent,disrespectful
serendipity,luck
maverick,rebel
debase,degrade
alacrity,eagerness
candor,honesty
haughty,proud
perusal,examination
acquiesce,agree
superfluous,extra
impeccable,perfect
coherent,logical
staid,serious
avarice,greed
brazen,bold
appease,calm
innate,natural
staid,serious
impertinent,rude
hypocrisy,insincerity
maxim,principle
indolent,lazy
intrepid,brave
brusque,rude
intrepid,brave
amiable,friendly
cumulative,increasing
cumulative,increasing
avarice,greed
embezzle,steal
impertinent,rude
morose,gloomy
hypocrisy,insincerity
zenith,peak
erudite,knowledgeable
wanton,deliberate
predilection,preference
serendipity,luck
fractious,grumpy
plethora,excess
coerce,force
callous,heartless
gratuitous,unnecessary
candor,honesty
hypocrisy,insincerity
impudent,disrespectful
morose,gloomy
rash,reckless
deride,mock
cumulative,increasing
zenith,peak
despot,tyrant
inept,incompetent
diligent,hardworking
sycophant,flatterer
obsequious,submissive
serendipity,luck
abhor,hate
inveterate,habitual
coerce,force
rife,common
rife,common
embezzle,steal
alacrity,eagerness
vex,annoy
serendipity,luck
clandestine,secret
deride,mock
cumulative,increasing
obtuse,slow to understand
maverick,rebel
impeccable,perfect
insular,isolated
plethora,excess
serendipity,luck
diligent,hardworking
parody,imitation
inept,incompetent
arcane,mysterious
maxim,principle
acquiesce,agree
jubilant,joyful
erudite,knowledgeable
forsake,abandon
repudiate,reject
fractious,grumpy
forsake,abandon
rash,reckless
brazen,bold
impudent,disrespectful
complacency,satisfaction
vociferous,loud
feral,wild
rash,reckless
brusque,rude
quaint,old-fashioned
erudite,knowledgeable
connive,plot
implacable,unforgiving
brazen,bold
indolent,lazy
insular,isolated
vociferous,loud
empathy,understanding
rash,reckless
erudite,knowledgeable
eloquent,expressive
repudiate,reject
insatiable,greedy
refurbish,renovate
penchant,liking
brazen,bold
despot,tyrant
extol,praise
serendipity,luck
brusque,rude
perusal,examination
morose,gloomy
perusal,examination
hypocrisy,insincerity
superfluous,extra
appease,calm
alacrity,eagerness
clandestine,secret
superfluous,extra
meticulous,careful
chide,scold
gratuitous,unnecessary
inept,incompetent
brazen,bold
candor,honesty
plethora,excess
enmity,hatred
indolent,lazy
staid,serious
forsake,abandon
confidant,trusted friend
impudent,disrespectful
extol,praise
acquiesce,agree
implacable,unforgiving
superfluous,extra
repudiate,reject
extol,praise
maverick,rebel
avarice,greed
penchant,liking
complacency,satisfaction
knell,signal
penchant,liking
rash,reckless
embezzle,steal
chide,scold
jubilant,joyful
demure,modest
wanton,deliberate
avarice,greed
wanton,deliberate
forsake,abandon
brusque,rude
amiable,friendly
indolent,lazy
deferential,respectful
hypocrisy,insincerity
meticulous,careful
brazen,bold
plethora,excess
debase,degrade
cumulative,increasing
chide,scold
cumulative,increasing
morose,gloomy
deride,mock
implacable,unforgiving
maxim,principle
perusal,examination
predilection,preference
parody,imitation
embezzle,steal
perusal,examination
forsake,abandon
brazen,bold
predilection,preference
lurid,shocking
inept,incompetent
obtuse,slow to understand
truculent,aggressive
alacrity,eagerness
repudiate,reject
amiable,friendly
appease,calm
fractious,grumpy
jubilant,joyful
insatiable,greedy
clandestine,secret
amiable,friendly
serendipity,luck
cajole,persuade
despot,tyrant
diligent,hardworking
extol,praise
appease,calm
superfluous,extra
clandestine,secret
inveterate,habitual
decry,criticize
repudiate,reject
wanton,deliberate
quaint,old-fashioned
impeccable,perfect
refurbish,renovate
implacable,unforgiving
decry,criticize
diligent,hardworking
hypocrisy,insincerity
infamy,dishonor
modicum,small amount
despot,tyrant
acquiesce,agree
arcane,mysterious
vex,annoy
forsake,abandon
fabricate,make up
staid,serious
erudite,knowledgeable
innate,natural
chide,scold
penchant,liking
panacea,cure-all
connive,plot
insular,isolated
furtive,secretive
connive,plot
rash,reckless
amiable,friendly
fractious,grumpy
abhor,hate
confidant,trusted friend
clandestine,secret
eloquent,expressive
extol,praise
modicum,small amount
inveterate,habitual
modicum,small amount
fabricate,make up
connive,plot
debase,degrade
rife,common
impertinent,rude
debase,degrade
clandestine,secret
callous,heartless
zenith,peak
maxim,principle
erudite,knowledgeable
rife,common
elated,happy
diligent,hardworking
diligent,hardworking
umbrage,offense
intrepid,brave
furtive,secretive
abhor,hate
predilection,preference
vociferous,loud
obtuse,slow to understand
salient,important
sycophant,flatterer
insatiable,greedy
innate,natural
perusal,examination
repudiate,reject
truculent,aggressive
furtive,secretive
salient,important
lurid,shocking
despot,tyrant
impeccable,perfect
avarice,greed
brazen,bold
amiable,friendly
umbrage,offense
vex,annoy
flabbergasted,shocked
truculent,aggressive
quaint,old-fashioned
demure,modest
intrepid,brave
gluttony,overeating
elated,happy
impertinent,rude
impertinent,rude
perusal,examination
coherent,logical
wanton,deliberate
fabricate,make up
truculent,aggressive
sycophant,flatterer
brazen,bold
arcane,mysterious
obsequious,submissive
despot,tyrant
salient,important
staid,serious
obtuse,slow to understand
rife,common
rash,reckless
vex,annoy
deferential,respectful
maxim,principle
appease,calm
vociferous,loud
morose,gloomy
inveterate,habitual
intrepid,brave
chide,scold
lurid,shocking
obtuse,slow to understand
amiable,friendly
flabbergasted,shocked
rife,common
hypocrisy,insincerity
abhor,hate
amiable,friendly
truculent,aggressive
enmity,hatred
rife,common
elated,happy
inept,incompetent
hypocrisy,insincerity
inept,incompetent
superfluous,extra
implacable,unforgiving
callous,heartless
maxim,principle
forsake,abandon
callous,heartless
gluttony,overeating
empathy,understanding
cajole,persuade
deride,mock
jubilant,joyful
callous,heartless
rife,common
gratuitous,unnecessary
infamy,dishonor
perusal,examination
penchant,liking
meticulous,careful
debase,degrade
obsequious,submissive
aberration,oddity
panacea,cure-all
arcane,mysterious
coerce,force
empathy,understanding
inveterate,habitual
rash,reckless
morose,gloomy
indolent,lazy
coerce,force
decry,criticize
penchant,liking
debase,degrade
parody,imitation
knell,signal
intrepid,brave
indolent,lazy
quaint,old-fashioned
quaint,old-fashioned
fabricate,make up
demure,modest
infamy,dishonor
fractious,grumpy
decry,criticize
sycophant,flatterer
impudent,disrespectful
fabricate,make up
staid,serious
feral,wild
despot,tyrant
lurid,shocking
vociferous,loud
infamy,dishonor
refurbish,renovate
truculent,aggressive
innate,natural
oblivious,unaware
vociferous,loud
truculent,aggressive
panacea,cure-all
feral,wild
panacea,cure-all
parody,imitation
perusal,examination
jubilant,joyful
vociferous,loud
sycophant,flatterer
intrepid,brave
empathy,understanding
insatiable,greedy
sycophant,flatterer
flabbergasted,shocked
negligent,careless
vociferous,loud
plethora,excess
inept,incompetent
sycophant,flatterer
impeccable,perfect
obsequious,submissive
negligent,careless
sycophant,flatterer
appease,calm
oblivious,unaware
aberration,oddity
quaint,old-fashioned
empathy,understanding
cumulative,increasing
connive,plot
flabbergasted,shocked
complacency,satisfaction
innate,natural
penchant,liking
callous,heartless
superfluous,extra
callous,heartless
connive,plot
penchant,liking
arcane,mysterious
vociferous,loud
repudiate,reject
inveterate,habitual
feral,wild
forsake,abandon
forsake,abandon
furtive,secretive
deferential,respectful
meticulous,careful
serendipity,luck
fabricate,make up
penchant,liking
infamy,dishonor
acquiesce,agree
sycophant,flatterer
empathy,understanding
infamy,dishonor
deride,mock
empathy,understanding
cumulative,increasing
despot,tyrant
enmity,hatred
debase,degrade
abhor,hate
diligent,hardworking
inveterate,habitual
elated,happy
abhor,hate
amiable,friendly
oblivious,unaware
hypocrisy,insincerity
salient,important
cajole,persuade
arcane,mysterious
cumulative,increasing
obsequious,submissive
wanton,deliberate
feral,wild
abhor,hate
meticulous,careful
erudite,knowledgeable
panacea,cure-all
oblivious,unaware
deride,mock
implacable,unforgiving
brusque,rude
aberration,oddity
complacency,satisfaction
deferential,respectful
eloquent,expressive
superfluous,extra
embezzle,steal
wanton,deliberate
truculent,aggressive
superfluous,extra
innate,natural
aberration,oddity
fabricate,make up
meticulous,careful
erudite,knowledgeable
maxim,principle
venerable,respected
quaint,old-fashioned
deride,mock
insular,isolated
demure,modest
morose,gloomy
gluttony,overeating
insatiable,greedy
predilection,preference
acquiesce,agree
connive,plot
panacea,cure-all
negligent,careless
deferential,respectful
debase,degrade
negligent,careless
deferential,respectful
knell,signal
deferential,respectful
flabbergasted,shocked
diligent,hardworking
demure,modest
vociferous,loud
rife,common
clandestine,secret
inveterate,habitual
brusque,rude
aberration,oddity
oblivious,unaware
brazen,bold
parody,imitation
fractious,grumpy
eloquent,expressive
confidant,trusted friend
obtuse,slow to understand
repudiate,reject
impeccable,perfect
vex,annoy
coherent,logical
furtive,secretive
rash,reckless
deferential,respectful
staid,serious
deferential,respectful
abhor,hate
maverick,rebel
inept,incompetent
connive,plot
zenith,peak
deferential,respectful
serendipity,luck
deride,mock
forsake,abandon
haughty,proud
cajole,persuade
insatiable,greedy
indolent,lazy
gluttony,overeating
empathy,understanding
flabbergasted,shocked
indolent,lazy
insular,isolated
confidant,trusted friend
wanton,deliberate
jubilant,joyful
staid,serious
lurid,shocking
meticulous,careful
innate,natural
sycophant,flatterer
knell,signal
gluttony,overeating
repudiate,reject
serendipity,luck
predilection,preference
debase,degrade
empathy,understanding
zenith,peak
predilection,preference
arcane,mysterious
furtive,secretive
oblivious,unaware
furtive,secretive
repudiate,reject
gluttony,overeating
debase,degrade
impeccable,perfect
fractious,grumpy
morose,gloomy
appease,calm
impeccable,perfect
umbrage,offense
diligent,hardworking
knell,signal
umbrage,offense
avarice,greed
umbrage,offense
maxim,principle
coerce,force
embezzle,steal
quaint,old-fashioned
quaint,old-fashioned
gluttony,overeating
callous,heartless
staid,serious
vociferous,loud
eloquent,expressive
wanton,deliberate
coerce,force
acquiesce,agree
callous,heartless
connive,plot
debase,degrade
demure,modest
salient,important
cajole,persuade
decry,criticize
insular,isolated
amiable,friendly
inept,incompetent
extol,praise
coerce,force
rife,common
cumulative,increasing
hypocrisy,insincerity
enmity,hatred
meticulous,careful
perusal,examination
rash,reckless
flabbergasted,shocked
quaint,old-fashioned
coerce,force
coerce,force
penchant,liking
indolent,lazy
fractious,grumpy
maxim,principle
feral,wild
avarice,greed
modicum,small amount
impudent,disrespectful
gratuitous,unnecessary
fractious,grumpy
connive,plot
venerable,respected
quaint,old-fashioned
decry,criticize
refurbish,renovate
vociferous,loud
fabricate,make up
feral,wild
arcane,mysterious
jubilant,joyful
candor,honesty
coherent,logical
infamy,dishonor
rash,reckless
insatiable,greedy
feral,wild
deferential,respectful
deride,mock
jubilant,joyful
fabricate,make up
connive,plot
cajole,persuade
predilection,preference
chide,scold
arcane,mysterious
aberration,oddity
implacable,unforgiving
demure,modest
aberration,oddity
haughty,proud
gratuitous,unnecessary
parody,imitation
repudiate,reject
deride,mock
knell,signal
chide,scold
avarice,greed
deferential,respectful
avarice,greed
forsake,abandon
gratuitous,unnecessary
impertinent,rude
indolent,lazy
cajole,persuade
repudiate,reject
vex,annoy
panacea,cure-all
brusque,rude
knell,signal
insatiable,greedy
refurbish,renovate
coherent,logical
negligent,careless
aberration,oddity
coerce,force
forsake,abandon
elated,happy
lurid,shocking
inveterate,habitual
parody,imitation
modicum,small amount
inveterate,habitual
negligent,careless
venerable,respected
plethora,excess
serendipity,luck
umbrage,offense
indolent,lazy
rash,reckless
acquiesce,agree
furtive,secretive
obsequious,submissive
demure,modest
negligent,careless
sycophant,flatterer
lurid,shocking
clandestine,secret
predilection,preference
hypocrisy,insincerity
cumulative,increasing
indolent,lazy
oblivious,unaware
cajole,persuade
vex,annoy
impudent,disrespectful
indolent,lazy
insular,isolated
acquiesce,agree
modicum,small amount
debase,degrade
knell,signal
candor,honesty
furtive,secretive
rash,reckless
fractious,grumpy
vociferous,loud
abhor,hate
jubilant,joyful
elated,happy
feral,wild
inept,incompetent
inept,incompetent
salient,important
obtuse,slow to understand
gratuitous,unnecessary
obsequious,submissive
oblivious,unaware
wanton,deliberate
insular,isolated
forsake,abandon
erudite,knowledgeable
intrepid,brave
deride,mock
confidant,trusted friend
implacable,unforgiving
extol,praise
demure,modest
diligent,hardworking
knell,signal
implacable,unforgiving
negligent,careless
panacea,cure-all
confidant,trusted friend
refurbish,renovate
brusque,rude
predilection,preference
despot,tyrant
coherent,logical
cumulative,increasing
sycophant,flatterer
candor,honesty
elated,happy
vociferous,loud
appease,calm
zenith,peak
extol,praise
impudent,disrespectful
flabbergasted,shocked
lurid,shocking
implacable,unforgiving
flabbergasted,shocked
insatiable,greedy
furtive,secretive
lurid,shocking
maxim,principle
jubilant,joyful
gratuitous,unnecessary
panacea,cure-all
diligent,hardworking
haughty,proud
gratuitous,unnecessary
parody,imitation
insular,isolated
venerable,respected
perusal,examination
chide,scold
modicum,small amount
truculent,aggressive
acquiesce,agree
impeccable,perfect
avarice,greed
candor,honesty
enmity,hatred
confidant,trusted friend
forsake,abandon
perusal,examination
intrepid,brave
plethora,excess
impertinent,rude
fractious,grumpy
rash,reckless
umbrage,offense
repudiate,reject
fractious,grumpy
cajole,persuade
insular,isolated
implacable,unforgiving
avarice,greed
maxim,principle
embezzle,steal
intrepid,brave
alacrity,eagerness
salient,important
quaint,old-fashioned
insatiable,greedy
despot,tyrant
panacea,cure-all
demure,modest
indolent,lazy
lurid,shocking
clandestine,secret
brusque,rude
innate,natural
impudent,disrespectful
lurid,shocking
impertinent,rude
deride,mock
truculent,aggressive
amiable,friendly
repudiate,reject
despot,tyrant
impertinent,rude
debase,degrade
forsake,abandon
inept,incompetent
extol,praise
alacrity,eagerness
staid,serious
deferential,respectful
debase,degrade
rife,common
salient,important
modicum,small amount
amiable,friendly
clandestine,secret
penchant,liking
callous,heartless
morose,gloomy
gluttony,overeating
gluttony,overeating
perusal,examination
serendipity,luck
rash,reckless
vex,annoy
haughty,proud
obsequious,submissive
impeccable,perfect
obtuse,slow to understand
chide,scold
impudent,disrespectful
maverick,rebel
insular,isolated
extol,praise
avarice,greed
elated,happy
fabricate,make up
alacrity,eagerness
cumulative,increasing
impertinent,rude
predilection,preference
eloquent,expressive
wanton,deliberate
diligent,hardworking
oblivious,unaware
arcane,mysterious
demure,modest
avarice,greed
refurbish,renovate
impudent,disrespectful
callous,heartless
impertinent,rude
demure,modest
oblivious,unaware
implacable,unforgiving
despot,tyrant
abhor,hate
jubilant,joyful
staid,serious
alacrity,eagerness
implacable,unforgiving
morose,gloomy
plethora,excess
elated,happy
lurid,shocking
embezzle,steal
umbrage,offense
confidant,trusted friend
gratuitous,unnecessary
intrepid,brave
impeccable,perfect
venerable,respected
lurid,shocking
indolent,lazy
complacency,satisfaction
fabricate,make up
gratuitous,unnecessary
elated,happy
demure,modest
coherent,logical
vociferous,loud
brusque,rude
umbrage,offense
obsequious,submissive
morose,gloomy
gluttony,overeating
meticulous,careful
haughty,proud
cumulative,increasing
arcane,mysterious
umbrage,offense
alacrity,eagerness
obsequious,submissive
cajole,persuade
despot,tyrant
impeccable,perfect
panacea,cure-all
decry,criticize
perusal,examination
predilection,preference
vociferous,loud
oblivious,unaware
elated,happy
vex,annoy
perusal,examination
sycophant,flatterer
coerce,force
morose,gloomy
abhor,hate
inveterate,habitual
complacency,satisfaction
wanton,deliberate
demure,modest
haughty,proud
erudite,knowledgeable
maxim,principle
feral,wild
innate,natural
elated,happy
knell,signal
deride,mock
obsequious,submissive
decry,criticize
panacea,cure-all
maverick,rebel
avarice,greed
elated,happy
clandestine,secret
amiable,friendly
serendipity,luck
furtive,secretive
extol,praise
candor,honesty
appease,calm
obtuse,slow to understand
flabbergasted,shocked
empathy,understanding
despot,tyrant
knell,signal
meticulous,careful
rash,reckless
extol,praise
maxim,principle
repudiate,reject
gratuitous,unnecessary
decry,criticize
enmity,hatred
obtuse,slow to understand
meticulous,careful
impeccable,perfect
arcane,mysterious
deferential,respectful
coherent,logical
gluttony,overeating
erudite,knowledgeable
despot,tyrant
furtive,secretive
cumulative,increasing
feral,wild
abhor,hate
umbrage,offense
indolent,lazy
inept,incompetent
intrepid,brave
haughty,proud
hypocrisy,insincerity
indolent,lazy
wanton,deliberate
furtive,secretive
candor,honesty
avarice,greed
extol,praise
despot,tyrant
quaint,old-fashioned
amiable,friendly
aberration,oddity
innate,natural
aberration,oddity
coherent,logical
callous,heartless
flabbergasted,shocked
quaint,old-fashioned
flabbergasted,shocked
eloquent,expressive
umbrage,offense
callous,heartless
inveterate,habitual
truculent,aggressive
brusque,rude
impeccable,perfect
predilection,preference
inept,incompetent
venerable,respected
repudiate,reject
empathy,understanding
flabbergasted,shocked
zenith,peak
lurid,shocking
lurid,shocking
decry,criticize
furtive,secretive
obsequious,submissive
fabricate,make up
impeccable,perfect
callous,heartless
wanton,deliberate
gratuitous,unnecessary
superfluous,extra
empathy,understanding
penchant,liking
parody,imitation
confidant,trusted friend
oblivious,unaware
cajole,persuade
impeccable,perfect
vociferous,loud
insatiable,greedy
appease,calm
appease,calm
clandestine,secret
erudite,knowledgeable
infamy,dishonor
insular,isolated
callous,heartless
knell,signal
eloquent,expressive
coerce,force
alacrity,eagerness
erudite,knowledgeable
chide,scold
rife,common
candor,honesty
forsake,abandon
serendipity,luck
decry,criticize
gratuitous,unnecessary
extol,praise
quaint,old-fashioned
knell,signal
callous,heartless
salient,important
serendipity,luck
quaint,old-fashioned
repudiate,reject
confidant,trusted friend
salient,important
maverick,rebel
fractious,grumpy
sycophant,flatterer
complacency,satisfaction
diligent,hardworking
staid,serious
impertinent,rude
jubilant,joyful
despot,tyrant
confidant,trusted friend
enmity,hatred
cumulative,increasing
parody,imitation
implacable,unforgiving
connive,plot
staid,serious
serendipity,luck
inept,incompetent
knell,signal
oblivious,unaware
brazen,bold
fractious,grumpy
parody,imitation
jubilant,joyful
cajole,persuade
lurid,shocking
plethora,excess
serendipity,luck
panacea,cure-all
impertinent,rude
hypocrisy,insincerity
empathy,understanding
avarice,greed
obtuse,slow to understand
lurid,shocking
connive,plot
superfluous,extra
rife,common
penchant,liking
knell,signal
maxim,principle
sycophant,flatterer
candor,honesty
despot,tyrant
inveterate,habitual
arcane,mysterious
fabricate,make up
sycophant,flatterer
insatiable,greedy
haughty,proud
staid,serious
erudite,knowledgeable
complacency,satisfaction
candor,honesty
amiable,friendly
salient,important
predilection,preference
diligent,hardworking
fabricate,make up
knell,signal
maxim,principle
modicum,small amount
decry,criticize
sycophant,flatterer
debase,degrade
salient,important
fabricate,make up
morose,gloomy
obtuse,slow to understand
insatiable,greedy
penchant,liking
maverick,rebel
penchant,liking
clandestine,secret
insular,isolated
amiable,friendly
plethora,excess
insatiable,greedy
inveterate,habitual
alacrity,eagerness
cajole,persuade
empathy,understanding
wanton,deliberate
insatiable,greedy
implacable,unforgiving
oblivious,unaware
repudiate,reject
decry,criticize
truculent,aggressive
erudite,knowledgeable
maverick,rebel
diligent,hardworking
abhor,hate
insatiable,greedy
perusal,examination
venerable,respected
debase,degrade
plethora,excess
abhor,hate
insular,isolated
insular,isolated
fractious,grumpy
debase,degrade
extol,praise
hypocrisy,insincerity
callous,heartless
confidant,trusted friend
superfluous,extra
obtuse,slow to understand
insatiable,greedy
arcane,mysterious
panacea,cure-all
alacrity,eagerness
meticulous,careful
implacable,unforgiving
repudiate,reject
despot,tyrant
abhor,hate
refurbish,renovate
plethora,excess
eloquent,expressive
morose,gloomy
appease,calm
fractious,grumpy
staid,serious
haughty,proud
refurbish,renovate
salient,important
repudiate,reject
debase,degrade
complacency,satisfaction
quaint,old-fashioned
amiable,friendly
zenith,peak
coerce,force
eloquent,expressive
zenith,peak
enmity,hatred
panacea,cure-all
vociferous,loud
inept,incompetent
infamy,dishonor
jubilant,joyful
extol,praise
deferential,respectful
complacency,satisfaction
indolent,lazy
meticulous,careful
plethora,excess
perusal,examination
cumulative,increasing
alacrity,eagerness
insatiable,greedy
coherent,logical
hypocrisy,insincerity
innate,natural
avarice,greed
deride,mock
cajole,persuade
penchant,liking
forsake,abandon
acquiesce,agree
decry,criticize
abhor,hate
vex,annoy
maxim,principle
flabbergasted,shocked
erudite,knowledgeable
chide,scold
erudite,knowledgeable
diligent,hardworking
flabbergasted,shocked
clandestine,secret
cajole,persuade
callous,heartless
rash,reckless
amiable,friendly
plethora,excess
embezzle,steal
vociferous,loud
perusal,examination
knell,signal
plethora,excess
infamy,dishonor
furtive,secretive
infamy,dishonor
predilection,preference
superfluous,extra
intrepid,brave
arcane,mysterious
acquiesce,agree
predilection,preference
repudiate,reject
impudent,disrespectful
obtuse,slow to understand
knell,signal
extol,praise
cumulative,increasing
maxim,principle
truculent,aggressive
connive,plot
indolent,lazy
zenith,peak
chide,scold
deride,mock
vociferous,loud
coherent,logical
rash,reckless
fabricate,make up
obsequious,submissive
connive,plot
complacency,satisfaction
coerce,force
extol,praise
despot,tyrant
impudent,disrespectful
acquiesce,agree
maxim,principle
insular,isolated
obtuse,slow to understand
rife,common
zenith,peak
erudite,knowledgeable
amiable,friendly
impeccable,perfect
repudiate,reject
vociferous,loud
flabbergasted,shocked
maxim,principle
negligent,careless
inveterate,habitual
vociferous,loud
candor,honesty
brusque,rude
panacea,cure-all
callous,heartless
chide,scold
demure,modest
insatiable,greedy
enmity,hatred
candor,honesty
infamy,dishonor
complacency,satisfaction
extol,praise
decry,criticize
brusque,rude
infamy,dishonor
umbrage,offense
maxim,principle
acquiesce,agree
feral,wild
eloquent,expressive
rash,reckless
arcane,mysterious
connive,plot
venerable,respected
fractious,grumpy
empathy,understanding
morose,gloomy
vociferous,loud
vociferous,loud
decry,criticize
vex,annoy
haughty,proud
impeccable,perfect
serendipity,luck
forsake,abandon
knell,signal
connive,plot
salient,important
clandestine,secret
staid,serious
brazen,bold
arcane,mysterious
brazen,bold
intrepid,brave
maverick,rebel
decry,criticize
refurbish,renovate
empathy,understanding
flabbergasted,shocked
plethora,excess
innate,natural
deride,mock
obsequious,submissive
alacrity,eagerness
indolent,lazy
modicum,small amount
empathy,understanding
umbrage,offense
demure,modest
inept,incompetent
hypocrisy,insincerity
fractious,grumpy
oblivious,unaware
obsequious,submissive
obtuse,slow to understand
chide,scold
knell,signal
hypocrisy,insincerity
enmity,hatred
vociferous,loud
salient,important
cumulative,increasing
enmity,hatred
deride,mock
salient,important
penchant,liking
hypocrisy,insincerity
gratuitous,unnecessary
serendipity,luck
infamy,dishonor
intrepid,brave
intrepid,brave
cajole,persuade
impertinent,rude
eloquent,expressive
refurbish,renovate
venerable,respected
complacency,satisfaction
furtive,secretive
despot,tyrant
deferential,respectful
intrepid,brave
obtuse,slow to understand
truculent,aggressive
coerce,force
coherent,logical
vociferous,loud
maverick,rebel
venerable,respected
maverick,rebel
callous,heartless
cumulative,increasing
impertinent,rude
vociferous,loud
insatiable,greedy
elated,happy
perusal,examination
demure,modest
predilection,preference
erudite,knowledgeable
gluttony,overeating
abhor,hate
brusque,rude
cumulative,increasing
meticulous,careful
negligent,careless
flabbergasted,shocked
salient,important
coerce,force
serendipity,luck
coerce,force
oblivious,unaware
knell,signal
perusal,examination
maxim,principle
meticulous,careful
morose,gloomy
maverick,rebel
demure,modest
inept,incompetent
refurbish,renovate
insatiable,greedy
gluttony,overeating
rife,common
callous,heartless
innate,natural
inveterate,habitual
appease,calm
enmity,hatred
erudite,knowledgeable
predilection,preference
refurbish,renovate
erudite,knowledgeable
alacrity,eagerness
abhor,hate
morose,gloomy
implacable,unforgiving
negligent,careless
fabricate,make up
demure,modest
wanton,deliberate
sycophant,flatterer
cajole,persuade
quaint,old-fashioned
hypocrisy,insincerity
amiable,friendly
complacency,satisfaction
wanton,deliberate
confidant,trusted friend
salient,important
insatiable,greedy
zenith,peak
deferential,respectful
staid,serious
indolent,lazy
staid,serious
abhor,hate
superfluous,extra
alacrity,eagerness
diligent,hardworking
maverick,rebel
brusque,rude
coherent,logical
inveterate,habitual
arcane,mysterious
jubilant,joyful
decry,criticize
decry,criticize
debase,degrade
brazen,bold
acquiesce,agree
acquiesce,agree
oblivious,unaware
vociferous,loud
brusque,rude
empathy,understanding
erudite,knowledgeable
arcane,mysterious
insular,isolated
flabbergasted,shocked
salient,important
eloquent,expressive
decry,criticize
empathy,understanding
chide,scold
impeccable,perfect
hypocrisy,insincerity
wanton,deliberate
arcane,mysterious
vex,annoy
infamy,dishonor
flabbergasted,shocked
embezzle,steal
maxim,principle
haughty,proud
insatiable,greedy
confidant,trusted friend
insular,isolated
insular,isolated
erudite,knowledgeable
plethora,excess
embezzle,steal
connive,plot
elated,happy
arcane,mysterious
rash,reckless
flabbergasted,shocked
extol,praise
refurbish,renovate
amiable,friendly
despot,tyrant
innate,natural
venerable,respected
penchant,liking
venerable,respected
refurbish,renovate
venerable,respected
vex,annoy
empathy,understanding
feral,wild
parody,imitation
impeccable,perfect
aberration,oddity
impertinent,rude
implacable,unforgiving
appease,calm
parody,imitation
empathy,understanding
obsequious,submissive
repudiate,reject
refurbish,renovate
embezzle,steal
hypocrisy,insincerity
vex,annoy
gluttony,overeating
inept,incompetent
panacea,cure-all
embezzle,steal
impertinent,rude
rife,common
embezzle,steal
chide,scold
zenith,peak
jubilant,joyful
impeccable,perfect
umbrage,offense
flabbergasted,shocked
morose,gloomy
perusal,examination
umbrage,offense
coherent,logical
alacrity,eagerness
meticulous,careful
refurbish,renovate
serendipity,luck
rash,reckless
alacrity,eagerness
confidant,trusted friend
eloquent,expressive
chide,scold
abhor,hate
flabbergasted,shocked
innate,natural
zenith,peak
connive,plot
elated,happy
negligent,careless
forsake,abandon
brazen,bold
coerce,force
forsake,abandon
wanton,deliberate
sycophant,flatterer
parody,imitation
haughty,proud
intrepid,brave
coerce,force
eloquent,expressive
enmity,hatred
clandestine,secret
sycophant,flatterer
impertinent,rude
hypocrisy,insincerity
deferential,respectful
callous,heartless
confidant,trusted friend
arcane,mysterious
rife,common
cajole,persuade
impeccable,perfect
extol,praise
meticulous,careful
impudent,disrespectful
morose,gloomy
aberration,oddity
complacency,satisfaction
knell,signal
sycophant,flatterer
diligent,hardworking
gratuitous,unnecessary
oblivious,unaware
vociferous,loud
confidant,trusted friend
staid,serious
chide,scold
sycophant,flatterer
arcane,mysterious
wanton,deliberate
superfluous,extra
indolent,lazy
arcane,mysterious
enmity,hatred
intrepid,brave
clandestine,secret
intrepid,brave
demure,modest
furtive,secretive
embezzle,steal
vex,annoy
erudite,knowledgeable
gratuitous,unnecessary
brazen,bold
coherent,logical
clandestine,secret
coerce,force
rash,reckless
decry,criticize
maverick,rebel
impertinent,rude
diligent,hardworking
cumulative,increasing
intrepid,brave
quaint,old-fashioned
implacable,unforgiving
complacency,satisfaction
chide,scold
impudent,disrespectful
meticulous,careful
fractious,grumpy
salient,important
impertinent,rude
rash,reckless
salient,important
haughty,proud
diligent,hardworking
perusal,examination
debase,degrade
parody,imitation
feral,wild
extol,praise
obtuse,slow to understand
knell,signal
hypocrisy,insincerity
impudent,disrespectful
negligent,careless
salient,important
rash,reckless
vociferous,loud
avarice,greed
connive,plot
elated,happy
furtive,secretive
confidant,trusted friend
vociferous,loud
gratuitous,unnecessary
repudiate,reject
vociferous,loud
rife,common
truculent,aggressive
avarice,greed
connive,plot
wanton,deliberate
enmity,hatred
deferential,respectful
gluttony,overeating
diligent,hardworking
appease,calm
insular,isolated
maxim,principle
fractious,grumpy
erudite,knowledgeable
coherent,logical
obtuse,slow to understand
despot,tyrant
inept,incompetent
plethora,excess
rash,reckless
connive,plot
penchant,liking
extol,praise
rife,common
refurbish,renovate
repudiate,reject
insatiable,greedy
avarice,greed
refurbish,renovate
zenith,peak
impeccable,perfect
chide,scold
serendipity,luck
truculent,aggressive
eloquent,expressive
truculent,aggressive
implacable,unforgiving
serendipity,luck
furtive,secretive
obsequious,submissive
modicum,small amount
chide,scold
insular,isolated
gratuitous,unnecessary
cajole,persuade
avarice,greed
intrepid,brave
maxim,principle
gluttony,overeating
vex,annoy
repudiate,reject
inveterate,habitual
hypocrisy,insincerity
zenith,peak
inept,incompetent
modicum,small amount
penchant,liking
complacency,satisfaction
rash,reckless
eloquent,expressive
confidant,trusted friend
infamy,dishonor
zenith,peak
impeccable,perfect
decry,criticize
alacrity,eagerness
elated,happy
intrepid,brave
rife,common
deferential,respectful
connive,plot
feral,wild
brusque,rude
feral,wild
salient,important
refurbish,renovate
brusque,rude
impeccable,perfect
despot,tyrant
meticulous,careful
serendipity,luck
obsequious,submissive
enmity,hatred
debase,degrade
parody,imitation
refurbish,renovate
parody,imitation
alacrity,eagerness
venerable,respected
inveterate,habitual
furtive,secretive
gluttony,overeating
brusque,rude
modicum,small amount
aberration,oddity
umbrage,offense
rife,common
panacea,cure-all
alacrity,eagerness
repudiate,reject
alacrity,eagerness
rife,common
coerce,force
vociferous,loud
impertinent,rude
acquiesce,agree
refurbish,renovate
intrepid,brave
modicum,small amount
perusal,examination
gluttony,overeating
embezzle,steal
gluttony,overeating
gluttony,overeating
knell,signal
rife,common
inveterate,habitual
aberration,oddity
cajole,persuade
serendipity,luck
venerable,respected
brusque,rude
rife,common
callous,heartless
indolent,lazy
brazen,bold
despot,tyrant
vex,annoy
coherent,logical
complacency,satisfaction
embezzle,steal
brusque,rude
jubilant,joyful
appease,calm
quaint,old-fashioned
clandestine,secret
chide,scold
truculent,aggressive
forsake,abandon
haughty,proud
zenith,peak
fabricate,make up
parody,imitation
cajole,persuade
repudiate,reject
knell,signal
truculent,aggressive
predilection,preference
repudiate,reject
staid,serious
rash,reckless
inept,incompetent
despot,tyrant
infamy,dishonor
intrepid,brave
appease,calm
staid,serious
quaint,old-fashioned
predilection,preference
insular,isolated
deferential,respectful
flabbergasted,shocked
perusal,examination
zenith,peak
obsequious,submissive
inept,incompetent
oblivious,unaware
haughty,proud
jubilant,joyful
embezzle,steal
flabbergasted,shocked
confidant,trusted friend
empathy,understanding
embezzle,steal
diligent,hardworking
feral,wild
brusque,rude
venerable,respected
morose,gloomy
oblivious,unaware
implacable,unforgiving
predilection,preference
maverick,rebel
arcane,mysterious
complacency,satisfaction
acquiesce,agree
maverick,rebel
despot,tyrant
diligent,hardworking
chide,scold
amiable,friendly
coerce,force
predilection,preference
appease,calm
panacea,cure-all
modicum,small amount
inveterate,habitual
decry,criticize
furtive,secretive
inept,incompetent
innate,natural
morose,gloomy
flabbergasted,shocked
erudite,knowledgeable
clandestine,secret
furtive,secretive
extol,praise
maxim,principle
fractious,grumpy
acquiesce,agree
connive,plot
refurbish,renovate
aberration,oddity
quaint,old-fashioned
brusque,rude
negligent,careless
hypocrisy,insincerity
morose,gloomy
parody,imitation
fractious,grumpy
cumulative,increasing
gratuitous,unnecessary
oblivious,unaware
morose,gloomy
superfluous,extra
predilection,preference
callous,heartless
gluttony,overeating
elated,happy
chide,scold
infamy,dishonor
callous,heartless
gratuitous,unnecessary
avarice,greed
rash,reckless
innate,natural
repudiate,reject
predilection,preference
empathy,understanding
refurbish,renovate
amiable,friendly
appease,calm
arcane,mysterious
zenith,peak
chide,scold
feral,wild
furtive,secretive
brusque,rude
cumulative,increasing
cumulative,increasing
impertinent,rude
brusque,rude
embezzle,steal
jubilant,joyful
perusal,examination
sycophant,flatterer
wanton,deliberate
repudiate,reject
brazen,bold
demure,modest
brusque,rude
zenith,peak
alacrity,eagerness
impeccable,perfect
negligent,careless
abhor,hate
fabricate,make up
brusque,rude
maverick,rebel
salient,important
rife,common
panacea,cure-all
debase,degrade
parody,imitation
intrepid,brave
infamy,dishonor
impertinent,rude
arcane,mysterious
obtuse,slow to understand
implacable,unforgiving
intrepid,brave
infamy,dishonor
confidant,trusted friend
candor,honesty
insular,isolated
impudent,disrespectful
cumulative,increasing
oblivious,unaware
clandestine,secret
alacrity,eagerness
hypocrisy,insincerity
modicum,small amount
impudent,disrespectful
modicum,small amount
cajole,persuade
innate,natural
feral,wild
sycophant,flatterer
meticulous,careful
aberration,oddity
impertinent,rude
embezzle,steal
repudiate,reject
deride,mock
debase,degrade
coerce,force
venerable,respected
callous,heartless
brusque,rude
lurid,shocking
cumulative,increasing
eloquent,expressive
insular,isolated
maverick,rebel
erudite,knowledgeable
connive,plot
negligent,careless
truculent,aggressive
lurid,shocking
inept,incompetent
sycophant,flatterer
candor,honesty
aberration,oddity
rife,common
inept,incompetent
elated,happy
appease,calm
impertinent,rude
predilection,preference
obsequious,submissive
penchant,liking
cajole,persuade
furtive,secretive
vex,annoy
implacable,unforgiving
indolent,lazy
lurid,shocking
quaint,old-fashioned
wanton,deliberate
chide,scold
maverick,rebel
rash,reckless
deferential,respectful
parody,imitation
quaint,old-fashioned
debase,degrade
inveterate,habitual
infamy,dishonor
alacrity,eagerness
obtuse,slow to understand
demure,modest
appease,calm
truculent,aggressive
serendipity,luck
enmity,hatred
intrepid,brave
meticulous,careful
panacea,cure-all
panacea,cure-all
elated,happy
meticulous,careful
maxim,principle
sycophant,flatterer
implacable,unforgiving
aberration,oddity
connive,plot
gratuitous,unnecessary
rife,common
inept,incompetent
coerce,force
vex,annoy
elated,happy
impeccable,perfect
maverick,rebel
plethora,excess
chide,scold
impudent,disrespectful
hypocrisy,insincerity
confidant,trusted friend
feral,wild
modicum,small amount
complacency,satisfaction
enmity,hatred
coherent,logical
serendipity,luck
elated,happy
erudite,knowledgeable
wanton,deliberate
obtuse,slow to understand
obsequious,submissive
truculent,aggressive
zenith,peak
maverick,rebel
oblivious,unaware
clandestine,secret
elated,happy
connive,plot
haughty,proud
obsequious,submissive
gluttony,overeating
cumulative,increasing
oblivious,unaware
morose,gloomy
intrepid,brave
jubilant,joyful
negligent,careless
staid,serious
inept,incompetent
maverick,rebel
quaint,old-fashioned
appease,calm
elated,happy
knell,signal
coherent,logical
fractious,grumpy
implacable,unforgiving
obsequious,submissive
penchant,liking
fabricate,make up
indolent,lazy
flabbergasted,shocked
truculent,aggressive
parody,imitation
acquiesce,agree
penchant,liking
wanton,deliberate
alacrity,eagerness
obtuse,slow to understand
complacency,satisfaction
connive,plot
obtuse,slow to understand
implacable,unforgiving
insatiable,greedy
feral,wild
obsequious,submissive
maverick,rebel
candor,honesty
deride,mock
impertinent,rude
complacency,satisfaction
elated,happy
impertinent,rude
serendipity,luck
truculent,aggressive
aberration,oddity
repudiate,reject
amiable,friendly
serendipity,luck
coerce,force
morose,gloomy
repudiate,reject
perusal,examination
aberration,oddity
complacency,satisfaction
insular,isolated
rash,reckless
despot,tyrant
demure,modest
wanton,deliberate
panacea,cure-all
forsake,abandon
confidant,trusted friend
indolent,lazy
cajole,persuade
arcane,mysterious
negligent,careless
gratuitous,unnecessary
confidant,trusted friend
venerable,respected
forsake,abandon
deride,mock
rash,reckless
predilection,preference
alacrity,eagerness
predilection,preference
abhor,hate
implacable,unforgiving
infamy,dishonor
modicum,small amount
haughty,proud
furtive,secretive
lurid,shocking
vex,annoy
despot,tyrant
forsake,abandon
jubilant,joyful
despot,tyrant
abhor,hate
callous,heartless
feral,wild
inveterate,habitual
fabricate,make up
parody,imitation
chide,scold
avarice,greed
furtive,secretive
umbrage,offense
cajole,persuade
fabricate,make up
eloquent,expressive
truculent,aggressive
amiable,friendly
zenith,peak
salient,important
feral,wild
vociferous,loud
deferential,respectful
salient,important
obtuse,slow to understand
extol,praise
obsequious,submissive
meticulous,careful
modicum,small amount
truculent,aggressive
gratuitous,unnecessary
obtuse,slow to understand
fabricate,make up
lurid,shocking
empathy,understanding
venerable,respected
jubilant,joyful
debase,degrade
maverick,rebel
insular,isolated
furtive,secretive
alacrity,eagerness
candor,honesty
rash,reckless
infamy,dishonor
venerable,respected
cajole,persuade
innate,natural
furtive,secretive
hypocrisy,insincerity
refurbish,renovate
innate,natural
inept,incompetent
impudent,disrespectful
wanton,deliberate
fabricate,make up
impudent,disrespectful
rife,common
candor,honesty
brazen,bold
sycophant,flatterer
hypocrisy,insincerity
quaint,old-fashioned
callous,heartless
elated,happy
umbrage,offense
impeccable,perfect
vex,annoy
inveterate,habitual
umbrage,offense
abhor,hate
haughty,proud
clandestine,secret
fabricate,make up
penchant,liking
umbrage,offense
inept,incompetent
intrepid,brave
brazen,bold
zenith,peak
cajole,persuade
impudent,disrespectful
cumulative,increasing
zenith,peak
abhor,hate
inept,incompetent
embezzle,steal
jubilant,joyful
infamy,dishonor
repudiate,reject
panacea,cure-all
vex,annoy
coherent,logical
vociferous,loud
impertinent,rude
debase,degrade
alacrity,eagerness
knell,signal
zenith,peak
chide,scold
lurid,shocking
coherent,logical
clandestine,secret
superfluous,extra
appease,calm
debase,degrade
elated,happy
wanton,deliberate
embezzle,steal
modicum,small amount
enmity,hatred
impertinent,rude
arcane,mysterious
appease,calm
rife,common
gluttony,overeating
innate,natural
empathy,understanding
cumulative,increasing
lurid,shocking
impeccable,perfect
appease,calm
appease,calm
cumulative,increasing
brazen,bold
gratuitous,unnecessary
impudent,disrespectful
plethora,excess
gratuitous,unnecessary
maverick,rebel
gluttony,overeating
parody,imitation
impeccable,perfect
quaint,old-fashioned
candor,honesty
enmity,hatred
impertinent,rude
coerce,force
embezzle,steal
decry,criticize
zenith,peak
innate,natural
maverick,rebel
obsequious,submissive
truculent,aggressive
morose,gloomy
clandestine,secret
acquiesce,agree
meticulous,careful
parody,imitation
insular,isolated
embezzle,steal
brazen,bold
cajole,persuade
wanton,deliberate
gluttony,overeating
rife,common
cajole,persuade
hypocrisy,insincerity
fractious,grumpy
brazen,bold
haughty,proud
perusal,examination
insatiable,greedy
confidant,trusted friend
rash,reckless
coherent,logical
aberration,oddity
clandestine,secret
venerable,respected
wanton,deliberate
clandestine,secret
fabricate,make up
cumulative,increasing
arcane,mysterious
panacea,cure-all
rash,reckless
decry,criticize
empathy,understanding
wanton,deliberate
superfluous,extra
perusal,examination
fabricate,make up
forsake,abandon
infamy,dishonor
forsake,abandon
chide,scold
candor,honesty
impeccable,perfect
impertinent,rude
indolent,lazy
inept,incompetent
brusque,rude
oblivious,unaware
morose,gloomy
forsake,abandon
brazen,bold
parody,imitation
obtuse,slow to understand
parody,imitation
coherent,logical
candor,honesty
morose,gloomy
forsake,abandon
inveterate,habitual
feral,wild
rife,common
coherent,logical
complacency,satisfaction
despot,tyrant
inveterate,habitual
maxim,principle
aberration,oddity
brazen,bold
negligent,careless
maxim,principle
elated,happy
rash,reckless
infamy,dishonor
vex,annoy
fabricate,make up
maxim,principle
salient,important
superfluous,extra
jubilant,joyful
venerable,respected
morose,gloomy
coerce,force
venerable,respected
complacency,satisfaction
vociferous,loud
gratuitous,unnecessary
brazen,bold
meticulous,careful
callous,heartless
cumulative,increasing
cumulative,increasing
aberration,oddity
deferential,respectful
implacable,unforgiving
penchant,liking
jubilant,joyful
infamy,dishonor
oblivious,unaware
alacrity,eagerness
cajole,persuade
alacrity,eagerness
deferential,respectful
salient,important
impudent,disrespectful
impertinent,rude
chide,scold
innate,natural
jubilant,joyful
appease,calm
vex,annoy
extol,praise
gluttony,overeating
obsequious,submissive
cajole,persuade
chide,scold
cumulative,increasing
parody,imitation
acquiesce,agree
furtive,secretive
serendipity,luck
predilection,preference
avarice,greed
gratuitous,unnecessary
obtuse,slow to understand
jubilant,joyful
deride,mock
inveterate,habitual
insular,isolated
superfluous,extra
gluttony,overeating
knell,signal
candor,honesty
quaint,old-fashioned
feral,wild
erudite,knowledgeable
appease,calm
repudiate,reject
coherent,logical
perusal,examination
aberration,oddity
eloquent,expressive
knell,signal
obsequious,submissive
confidant,trusted friend
innate,natural
embezzle,steal
jubilant,joyful
predilection,preference
quaint,old-fashioned
abhor,hate
deride,mock
modicum,small amount
candor,honesty
infamy,dishonor
negligent,careless
maverick,rebel
diligent,hardworking
hypocrisy,insincerity
avarice,greed
modicum,small amount
umbrage,offense
serendipity,luck
maverick,rebel
despot,tyrant
brazen,bold
complacency,satisfaction
enmity,hatred
fractious,grumpy
gratuitous,unnecessary
morose,gloomy
repudiate,reject
acquiesce,agree
salient,important
intrepid,brave
perusal,examination
deride,mock
diligent,hardworking
arcane,mysterious
impeccable,perfect
maverick,rebel
lurid,shocking
fabricate,make up
zenith,peak
candor,honesty
appease,calm
vex,annoy
decry,criticize
extol,praise
acquiesce,agree
gratuitous,unnecessary
flabbergasted,shocked
coherent,logical
rash,reckless
quaint,old-fashioned
feral,wild
refurbish,renovate
indolent,lazy
panacea,cure-all
deferential,respectful
despot,tyrant
infamy,dishonor
forsake,abandon
coerce,force
sycophant,flatterer
obtuse,slow to understand
embezzle,steal
inveterate,habitual
eloquent,expressive
maxim,principle
feral,wild
debase,degrade
umbrage,offense
arcane,mysterious
penchant,liking
perusal,examination
staid,serious
oblivious,unaware
clandestine,secret
indolent,lazy
obsequious,submissive
venerable,respected
chide,scold
plethora,excess
forsake,abandon
umbrage,offense
coherent,logical
deride,mock
fractious,grumpy
superfluous,extra
forsake,abandon
zenith,peak
clandestine,secret
implacable,unforgiving
flabbergasted,shocked
implacable,unforgiving
coerce,force
impudent,disrespectful
perusal,examination
truculent,aggressive
deferential,respectful
panacea,cure-all
eloquent,expressive
fabricate,make up
insatiable,greedy
meticulous,careful
alacrity,eagerness
implacable,unforgiving
eloquent,expressive
callous,heartless
obsequious,submissive
maxim,principle
brusque,rude
sycophant,flatterer
salient,important
intrepid,brave
insatiable,greedy
furtive,secretive
embezzle,steal
venerable,respected
extol,praise
obsequious,submissive
erudite,knowledgeable
candor,honesty
clandestine,secret
insular,isolated
despot,tyrant
deride,mock
enmity,hatred
innate,natural
refurbish,renovate
aberration,oddity
impudent,disrespectful
vociferous,loud
confidant,trusted friend
sycophant,flatterer
vex,annoy
aberration,oddity
umbrage,offense
clandestine,secret
avarice,greed
superfluous,extra
decry,criticize
complacency,satisfaction
maxim,principle
implacable,unforgiving
aberration,oddity
insular,isolated
penchant,liking
amiable,friendly
knell,signal
haughty,proud
serendipity,luck
truculent,aggressive
diligent,hardworking
maverick,rebel
obsequious,submissive
chide,scold
coerce,force
deferential,respectful
umbrage,offense
penchant,liking
superfluous,extra
jubilant,joyful
coerce,force
superfluous,extra
meticulous,careful
morose,gloomy
parody,imitation
fabricate,make up
modicum,small amount
rife,common
brusque,rude
chide,scold
deferential,respectful
perusal,examination
coerce,force
flabbergasted,shocked
repudiate,reject
sycophant,flatterer
knell,signal
negligent,careless
inveterate,habitual
innate,natural
innate,natural
venerable,respected
oblivious,unaware
repudiate,reject
chide,scold
deferential,respectful
insular,isolated
enmity,hatred
despot,tyrant
alacrity,eagerness
insatiable,greedy
plethora,excess
fabricate,make up
connive,plot
rash,reckless
panacea,cure-all
furtive,secretive
deride,mock
decry,criticize
acquiesce,agree
hypocrisy,insincerity
panacea,cure-all
panacea,cure-all
implacable,unforgiving
complacency,satisfaction
eloquent,expressive
coherent,logical
sycophant,flatterer
predilection,preference
serendipity,luck
rash,reckless
modicum,small amount
obtuse,slow to understand
avarice,greed
innate,natural
meticulous,careful
amiable,friendly
haughty,proud
diligent,hardworking
brazen,bold
fractious,grumpy
amiable,friendly
vex,annoy
negligent,careless
flabbergasted,shocked
parody,imitation
salient,important
modicum,small amount
parody,imitation
salient,important
parody,imitation
zenith,peak
brazen,bold
inveterate,habitual
inept,incompetent
appease,calm
confidant,trusted friend
vex,annoy
flabbergasted,shocked
inveterate,habitual
deride,mock
infamy,dishonor
salient,important
arcane,mysterious
parody,imitation
quaint,old-fashioned
appease,calm
zenith,peak
repudiate,reject
wanton,deliberate
coerce,force
eloquent,expressive
deferential,respectful
morose,gloomy
parody,imitation
forsake,abandon
embezzle,steal
alacrity,eagerness
flabbergasted,shocked
impudent,disrespectful
innate,natural
umbrage,offense
refurbish,renovate
obtuse,slow to understand
haughty,proud
maxim,principle
serendipity,luck
acquiesce,agree
candor,honesty
fractious,grumpy
staid,serious
lurid,shocking
obsequious,submissive
complacency,satisfaction
aberration,oddity
deferential,respectful
gluttony,overeating
infamy,dishonor
zenith,peak
cajole,persuade
demure,modest
innate,natural
despot,tyrant
abhor,hate
obtuse,slow to understand
aberration,oddity
confidant,trusted friend
salient,important
innate,natural
impertinent,rude
coherent,logical
plethora,excess
confidant,trusted friend
sycophant,flatterer
callous,heartless
gluttony,overeating
meticulous,careful
quaint,old-fashioned
salient,important
diligent,hardworking
extol,praise
empathy,understanding
negligent,careless
brusque,rude
perusal,examination
chide,scold
morose,gloomy
perusal,examination
parody,imitation
oblivious,unaware
hypocrisy,insincerity
decry,criticize
debase,degrade
clandestine,secret
intrepid,brave
deride,mock
salient,important
feral,wild
inept,incompetent
indolent,lazy
extol,praise
extol,praise
truculent,aggressive
rash,reckless
staid,serious
hypocrisy,insincerity
serendipity,luck
abhor,hate
alacrity,eagerness
oblivious,unaware
repudiate,reject
truculent,aggressive
coherent,logical
forsake,abandon
impudent,disrespectful
insular,isolated
sycophant,flatterer
impeccable,perfect
demure,modest
meticulous,careful
alacrity,eagerness
erudite,knowledgeable
aberration,oddity
candor,honesty
vociferous,loud
modicum,small amount
furtive,secretive
lurid,shocking
enmity,hatred
umbrage,offense
empathy,understanding
clandestine,secret
eloquent,expressive
rash,reckless
predilection,preference
staid,serious
serendipity,luck
maverick,rebel
extol,praise
repudiate,reject
oblivious,unaware
implacable,unforgiving
deride,mock
diligent,hardworking
maverick,rebel
deferential,respectful
vociferous,loud
penchant,liking
impertinent,rude
meticulous,careful
gluttony,overeating
negligent,careless
superfluous,extra
knell,signal
enmity,hatred
clandestine,secret
cumulative,increasing
rash,reckless
feral,wild
panacea,cure-all
insatiable,greedy
abhor,hate
aberration,oddity
plethora,excess
plethora,excess
connive,plot
obtuse,slow to understand
negligent,careless
embezzle,steal
eloquent,expressive
hypocrisy,insincerity
innate,natural
deride,mock
flabbergasted,shocked
umbrage,offense
infamy,dishonor
sycophant,flatterer
clandestine,secret
impudent,disrespectful
avarice,greed
arcane,mysterious
vex,annoy
appease,calm
diligent,hardworking
inept,incompetent
modicum,small amount
eloquent,expressive
cajole,persuade
forsake,abandon
maverick,rebel
umbrage,offense
jubilant,joyful
obsequious,submissive
enmity,hatred
deferential,respectful
staid,serious
feral,wild
knell,signal
oblivious,unaware
maverick,rebel
forsake,abandon
umbrage,offense
callous,heartless
plethora,excess
maxim,principle
sycophant,flatterer
gluttony,overeating
coherent,logical
despot,tyrant
modicum,small amount
knell,signal
avarice,greed
panacea,cure-all
despot,tyrant
sycophant,flatterer
candor,honesty
aberration,oddity
diligent,hardworking
abhor,hate
extol,praise
haughty,proud
meticulous,careful
brazen,bold
furtive,secretive
alacrity,eagerness
quaint,old-fashioned
refurbish,renovate
connive,plot
wanton,deliberate
extol,praise
negligent,careless
rash,reckless
staid,serious
penchant,liking
vex,annoy
eloquent,expressive
coerce,force
inept,incompetent
gratuitous,unnecessary
impudent,disrespectful
feral,wild
panacea,cure-all
abhor,hate
inveterate,habitual
maverick,rebel
wanton,deliberate
despot,tyrant
gluttony,overeating
fabricate,make up
callous,heartless
gluttony,overeating
serendipity,luck
venerable,respected
obtuse,slow to understand
complacency,satisfaction
zenith,peak
fabricate,make up
zenith,peak
confidant,trusted friend
obtuse,slow to understand
coerce,force
hypocrisy,insincerity
meticulous,careful
embezzle,steal
feral,wild
intrepid,brave
aberration,oddity
cajole,persuade
avarice,greed
deride,mock
intrepid,brave
impudent,disrespectful
serendipity,luck
acquiesce,agree
wanton,deliberate
parody,imitation
plethora,excess
maxim,principle
negligent,careless
brusque,rude
appease,calm
wanton,deliberate
amiable,friendly
impudent,disrespectful
erudite,knowledgeable
eloquent,expressive
hypocrisy,insincerity
obtuse,slow to understand
umbrage,offense
acquiesce,agree
knell,signal
deferential,respectful
arcane,mysterious
demure,modest
debase,degrade
sycophant,flatterer
vociferous,loud
umbrage,offense
complacency,satisfaction
salient,important
rife,common
deride,mock
inept,incompetent
negligent,careless
furtive,secretive
brusque,rude
implacable,unforgiving
venerable,respected
inveterate,habitual
jubilant,joyful
panacea,cure-all
empathy,understanding
impertinent,rude
clandestine,secret
fractious,grumpy
oblivious,unaware
empathy,understanding
insular,isolated
cumulative,increasing
negligent,careless
decry,criticize
superfluous,extra
acquiesce,agree
debase,degrade
decry,criticize
eloquent,expressive
eloquent,expressive
negligent,careless
forsake,abandon
lurid,shocking
candor,honesty
callous,heartless
impeccable,perfect
knell,signal
hypocrisy,insincerity
cumulative,increasing
perusal,examination
debase,degrade
eloquent,expressive
hypocrisy,insincerity
debase,degrade
aberration,oddity
callous,heartless
chide,scold
sycophant,flatterer
rash,reckless
debase,degrade
maverick,rebel
gluttony,overeating
coherent,logical
innate,natural
meticulous,careful
impeccable,perfect
perusal,examination
eloquent,expressive
candor,honesty
extol,praise
infamy,dishonor
alacrity,eagerness
arcane,mysterious
feral,wild
vociferous,loud
intrepid,brave
erudite,knowledgeable
perusal,examination
empathy,understanding
cumulative,increasing
meticulous,careful
acquiesce,agree
arcane,mysterious
obtuse,slow to understand
candor,honesty
maverick,rebel
deride,mock
flabbergasted,shocked
coerce,force
appease,calm
brazen,bold
obtuse,slow to understand
oblivious,unaware
deride,mock
impudent,disrespectful
indolent,lazy
flabbergasted,shocked
decry,criticize
jubilant,joyful
alacrity,eagerness
lurid,shocking
embezzle,steal
salient,important
hypocrisy,insincerity
coherent,logical
truculent,aggressive
decry,criticize
plethora,excess
chide,scold
gluttony,overeating
vex,annoy
morose,gloomy
deride,mock
decry,criticize
morose,gloomy
enmity,hatred
abhor,hate
impudent,disrespectful
implacable,unforgiving
demure,modest
sycophant,flatterer
predilection,preference
refurbish,renovate
diligent,hardworking
callous,heartless
fabricate,make up
refurbish,renovate
staid,serious
lurid,shocking
oblivious,unaware
empathy,understanding
callous,heartless
hypocrisy,insincerity
erudite,knowledgeable
venerable,respected
arcane,mysterious
diligent,hardworking
negligent,careless
modicum,small amount
callous,heartless
impertinent,rude
fractious,grumpy
embezzle,steal
coherent,logical
jubilant,joyful
perusal,examination
superfluous,extra
intrepid,brave
knell,signal
inept,incompetent
penchant,liking
aberration,oddity
venerable,respected
insatiable,greedy
brazen,bold
wanton,deliberate
brusque,rude
coherent,logical
gluttony,overeating
deferential,respectful
wanton,deliberate
gratuitous,unnecessary
perusal,examination
abhor,hate
avarice,greed
coerce,force
acquiesce,agree
deferential,respectful
clandestine,secret
negligent,careless
venerable,respected
maxim,principle
plethora,excess
vociferous,loud
callous,heartless
modicum,small amount
umbrage,offense
gratuitous,unnecessary
coerce,force
deride,mock
cajole,persuade
truculent,aggressive
fractious,grumpy
debase,degrade
diligent,hardworking
jubilant,joyful
gluttony,overeating
cumulative,increasing
obtuse,slow to understand
truculent,aggressive
diligent,hardworking
plethora,excess
implacable,unforgiving
aberration,oddity
candor,honesty
cajole,persuade
confidant,trusted friend
haughty,proud
implacable,unforgiving
forsake,abandon
brazen,bold
embezzle,steal
extol,praise
penchant,liking
quaint,old-fashioned
deride,mock
chide,scold
arcane,mysterious
debase,degrade
refurbish,renovate
alacrity,eagerness
appease,calm
fractious,grumpy
intrepid,brave
deferential,respectful
connive,plot
avarice,greed
abhor,hate
impertinent,rude
inveterate,habitual
arcane,mysterious
abhor,hate
penchant,liking
lurid,shocking
lurid,shocking
deferential,respectful
gluttony,overeating
oblivious,unaware
despot,tyrant
knell,signal
acquiesce,agree
obtuse,slow to understand
knell,signal
inveterate,habitual
diligent,hardworking
rife,common
indolent,lazy
amiable,friendly
vex,annoy
insular,isolated
insular,isolated
infamy,dishonor
hypocrisy,insincerity
plethora,excess
candor,honesty
complacency,satisfaction
negligent,careless
insular,isolated
obtuse,slow to understand
predilection,preference
plethora,excess
forsake,abandon
panacea,cure-all
appease,calm
meticulous,careful
cumulative,increasing
appease,calm
repudiate,reject
meticulous,careful
feral,wild
superfluous,extra
extol,praise
impertinent,rude
appease,calm
candor,honesty
elated,happy
decry,criticize
indolent,lazy
elated,happy
complacency,satisfaction
elated,happy
flabbergasted,shocked
arcane,mysterious
callous,heartless
predilection,preference
chide,scold
elated,happy
superfluous,extra
penchant,liking
vociferous,loud
inveterate,habitual
impudent,disrespectful
eloquent,expressive
enmity,hatred
erudite,knowledgeable
staid,serious
indolent,lazy
staid,serious
innate,natural
insatiable,greedy
confidant,trusted friend
intrepid,brave
feral,wild
brazen,bold
demure,modest
wanton,deliberate
fractious,grumpy
brazen,bold
deride,mock
wanton,deliberate
connive,plot
lurid,shocking
jubilant,joyful
enmity,hatred
maverick,rebel
fractious,grumpy
extol,praise
inveterate,habitual
extol,praise
haughty,proud
wanton,deliberate
perusal,examination
knell,signal
refurbish,renovate
vex,annoy
umbrage,offense
morose,gloomy
panacea,cure-all
zenith,peak
indolent,lazy
connive,plot
modicum,small amount
complacency,satisfaction
predilection,preference
penchant,liking
elated,happy
wanton,deliberate
abhor,hate
maxim,principle
chide,scold
eloquent,expressive
serendipity,luck
avarice,greed
hypocrisy,insincerity
embezzle,steal
enmity,hatred
zenith,peak
parody,imitation
innate,natural
abhor,hate
callous,heartless
wanton,deliberate
innate,natural
rash,reckless
maverick,rebel
lurid,shocking
parody,imitation
brusque,rude
embezzle,steal
rife,common
brusque,rude
candor,honesty
decry,criticize
inveterate,habitual
intrepid,brave
arcane,mysterious
cajole,persuade
impeccable,perfect
haughty,proud
connive,plot
infamy,dishonor
coerce,force
panacea,cure-all
deride,mock
sycophant,flatterer
deferential,respectful
inveterate,habitual
wanton,deliberate
deride,mock
despot,tyrant
empathy,understanding
erudite,knowledgeable
decry,criticize
demure,modest
hypocrisy,insincerity
empathy,understanding
venerable,respected
modicum,small amount
acquiesce,agree
coherent,logical
inept,incompetent
maverick,rebel
insular,isolated
indolent,lazy
appease,calm
jubilant,joyful
impertinent,rude
impeccable,perfect
repudiate,reject
connive,plot
impertinent,rude
inept,incompetent
extol,praise
erudite,knowledgeable
haughty,proud
coherent,logical
avarice,greed
connive,plot
demure,modest
zenith,peak
enmity,hatred
flabbergasted,shocked
forsake,abandon
impudent,disrespectful
flabbergasted,shocked
insatiable,greedy
coerce,force
vociferous,loud
panacea,cure-all
cumulative,increasing
fabricate,make up
indolent,lazy
maxim,principle
haughty,proud
enmity,hatred
deride,mock
repudiate,reject
impeccable,perfect
arcane,mysterious
forsake,abandon
candor,honesty
haughty,proud
eloquent,expressive
obsequious,submissive
insular,isolated
fabricate,make up
lurid,shocking
wanton,deliberate
forsake,abandon
venerable,respected
connive,plot
impudent,disrespectful
infamy,dishonor
panacea,cure-all
decry,criticize
negligent,careless
connive,plot
venerable,respected
venerable,respected
penchant,liking
inept,incompetent
brusque,rude
indolent,lazy
flabbergasted,shocked
furtive,secretive
callous,heartless
vex,annoy
complacency,satisfaction
extol,praise
connive,plot
brazen,bold
zenith,peak
fractious,grumpy
infamy,dishonor
amiable,friendly
oblivious,unaware
parody,imitation
clandestine,secret
brazen,bold
enmity,hatred
confidant,trusted friend
innate,natural
appease,calm
impertinent,rude
predilection,preference
enmity,hatred
superfluous,extra
hypocrisy,insincerity
aberration,oddity
inveterate,habitual
fabricate,make up
avarice,greed
vex,annoy
acquiesce,agree
sycophant,flatterer
coherent,logical
extol,praise
lurid,shocking
insatiable,greedy
cumulative,increasing
alacrity,eagerness
confidant,trusted friend
abhor,hate
impeccable,perfect
cajole,persuade
demure,modest
alacrity,eagerness
clandestine,secret
morose,gloomy
alacrity,eagerness
lurid,shocking
confidant,trusted friend
brazen,bold
brazen,bold
elated,happy
chide,scold
lurid,shocking
flabbergasted,shocked
erudite,knowledgeable
empathy,understanding
haughty,proud
impeccable,perfect
impudent,disrespectful
oblivious,unaware
truculent,aggressive
diligent,hardworking
infamy,dishonor
enmity,hatred
alacrity,eagerness
rife,common
abhor,hate
eloquent,expressive
elated,happy
hypocrisy,insincerity
chide,scold
obsequious,submissive
lurid,shocking
callous,heartless
connive,plot
decry,criticize
superfluous,extra
cajole,persuade
aberration,oddity
candor,honesty
feral,wild
deferential,respectful
staid,serious
meticulous,careful
impeccable,perfect
fabricate,make up
furtive,secretive
alacrity,eagerness
deride,mock
haughty,proud
infamy,dishonor
repudiate,reject
flabbergasted,shocked
fractious,grumpy
aberration,oddity
modicum,small amount
infamy,dishonor
innate,natural
serendipity,luck
impeccable,perfect
serendipity,luck
aberration,oddity
insatiable,greedy
refurbish,renovate
jubilant,joyful
fractious,grumpy
staid,serious
brusque,rude
feral,wild
complacency,satisfaction
quaint,old-fashioned
brazen,bold
rife,common
vociferous,loud
avarice,greed
implacable,unforgiving
plethora,excess
parody,imitation
knell,signal
elated,happy
feral,wild
feral,wild
refurbish,renovate
fractious,grumpy
insatiable,greedy
avarice,greed
oblivious,unaware
clandestine,secret
aberration,oddity
superfluous,extra
enmity,hatred
coerce,force
inveterate,habitual
demure,modest
morose,gloomy
coherent,logical
coerce,force
deride,mock
quaint,old-fashioned
inept,incompetent
morose,gloomy
meticulous,careful
debase,degrade
insatiable,greedy
meticulous,careful
eloquent,expressive
superfluous,extra
aberration,oddity
aberration,oddity
demure,modest
fabricate,make up
empathy,understanding
perusal,examination
obtuse,slow to understand
morose,gloomy
fabricate,make up
inveterate,habitual
brazen,bold
wanton,deliberate
empathy,understanding
quaint,old-fashioned
negligent,careless
impudent,disrespectful
staid,serious
refurbish,renovate
chide,scold
feral,wild
amiable,friendly
diligent,hardworking
diligent,hardworking
serendipity,luck
gluttony,overeating
oblivious,unaware
feral,wild
insatiable,greedy
confidant,trusted friend
implacable,unforgiving
superfluous,extra
implacable,unforgiving
parody,imitation
intrepid,brave
candor,honesty
panacea,cure-all
cajole,persuade
refurbish,renovate
panacea,cure-all
diligent,hardworking
confidant,trusted friend
confidant,trusted friend
repudiate,reject
umbrage,offense
rife,common
truculent,aggressive
panacea,cure-all
embezzle,steal
deferential,respectful
intrepid,brave
refurbish,renovate
infamy,dishonor
inept,incompetent
avarice,greed
venerable,respected
inveterate,habitual
flabbergasted,shocked
amiable,friendly
obtuse,slow to understand
insatiable,greedy
vex,annoy
lurid,shocking
indolent,lazy
eloquent,expressive
predilection,preference
parody,imitation
vex,annoy
meticulous,careful
appease,calm
clandestine,secret
knell,signal
negligent,careless
enmity,hatred
intrepid,brave
eloquent,expressive
superfluous,extra
debase,degrade
haughty,proud
superfluous,extra
impertinent,rude
complacency,satisfaction
rife,common
meticulous,careful
vex,annoy
eloquent,expressive
acquiesce,agree
jubilant,joyful
indolent,lazy
negligent,careless
refurbish,renovate
appease,calm
coerce,force
indolent,lazy
modicum,small amount
inveterate,habitual
negligent,careless
intrepid,brave
truculent,aggressive
refurbish,renovate
decry,criticize
avarice,greed
avarice,greed
indolent,lazy
morose,gloomy
haughty,proud
obtuse,slow to understand
zenith,peak
forsake,abandon
furtive,secretive
penchant,liking
obtuse,slow to understand
parody,imitation
jubilant,joyful
implacable,unforgiving
venerable,respected
cajole,persuade
staid,serious
gratuitous,unnecessary
amiable,friendly
furtive,secretive
haughty,proud
clandestine,secret
decry,criticize
truculent,aggressive
amiable,friendly
aberration,oddity
plethora,excess
superfluous,extra
cumulative,increasing
decry,criticize
abhor,hate
insular,isolated
wanton,deliberate
feral,wild
deferential,respectful
refurbish,renovate
appease,calm
confidant,trusted friend
rife,common
fractious,grumpy
avarice,greed
rife,common
refurbish,renovate
lurid,shocking
venerable,respected
confidant,trusted friend
embezzle,steal
modicum,small amount
avarice,greed
gluttony,overeating
serendipity,luck
obsequious,submissive
quaint,old-fashioned
plethora,excess
abhor,hate
debase,degrade
demure,modest
arcane,mysterious
appease,calm
sycophant,flatterer
parody,imitation
impudent,disrespectful
inveterate,habitual
lurid,shocking
negligent,careless
elated,happy
gratuitous,unnecessary
clandestine,secret
inveterate,habitual
flabbergasted,shocked
quaint,old-fashioned
obtuse,slow to understand
coherent,logical
connive,plot
acquiesce,agree
flabbergasted,shocked
obtuse,slow to understand
brazen,bold
debase,degrade
acquiesce,agree
erudite,knowledgeable
quaint,old-fashioned
empathy,understanding
erudite,knowledgeable
haughty,proud
vex,annoy
fractious,grumpy
impertinent,rude
candor,honesty
amiable,friendly
appease,calm
superfluous,extra
impertinent,rude
decry,criticize
despot,tyrant
chide,scold
empathy,understanding
acquiesce,agree
empathy,understanding
gratuitous,unnecessary
connive,plot
plethora,excess
inveterate,habitual
gratuitous,unnecessary
brazen,bold
furtive,secretive
impeccable,perfect
eloquent,expressive
impertinent,rude
insular,isolated
panacea,cure-all
maverick,rebel
callous,heartless
panacea,cure-all
feral,wild
extol,praise
impertinent,rude
superfluous,extra
meticulous,careful
predilection,preference
knell,signal
feral,wild
panacea,cure-all
erudite,knowledgeable
truculent,aggressive
hypocrisy,insincerity
zenith,peak
refurbish,renovate
elated,happy
confidant,trusted friend
confidant,trusted friend
maverick,rebel
indolent,lazy
complacency,satisfaction
parody,imitation
infamy,dishonor
maxim,principle
amiable,friendly
confidant,trusted friend
salient,important
parody,imitation
eloquent,expressive
elated,happy
knell,signal
obtuse,slow to understand
truculent,aggressive
demure,modest
brusque,rude
empathy,understanding
impudent,disrespectful
abhor,hate
quaint,old-fashioned
panacea,cure-all
indolent,lazy
avarice,greed
maxim,principle
morose,gloomy
zenith,peak
complacency,satisfaction
callous,heartless
impudent,disrespectful
vex,annoy
confidant,trusted friend
obsequious,submissive
elated,happy
umbrage,offense
fractious,grumpy
truculent,aggressive
sycophant,flatterer
zenith,peak
amiable,friendly
venerable,respected
fractious,grumpy
haughty,proud
insatiable,greedy
deride,mock
furtive,secretive
cumulative,increasing
modicum,small amount
connive,plot
perusal,examination
cajole,persuade
predilection,preference
penchant,liking
coerce,force
aberration,oddity
forsake,abandon
callous,heartless
fabricate,make up
impertinent,rude
coerce,force
demure,modest
indolent,lazy
gratuitous,unnecessary
despot,tyrant
complacency,satisfaction
candor,honesty
forsake,abandon
brusque,rude
forsake,abandon
umbrage,offense
superfluous,extra
elated,happy
umbrage,offense
superfluous,extra
abhor,hate
refurbish,renovate
chide,scold
clandestine,secret
refurbish,renovate
empathy,understanding
modicum,small amount
demure,modest
maxim,principle
quaint,old-fashioned
gratuitous,unnecessary
cajole,persuade
candor,honesty
insatiable,greedy
enmity,hatred
deferential,respectful
extol,praise
empathy,understanding
quaint,old-fashioned
innate,natural
enmity,hatred
connive,plot
demure,modest
embezzle,steal
demure,modest
repudiate,reject
alacrity,eagerness
impeccable,perfect
impertinent,rude
debase,degrade
impeccable,perfect
vex,annoy
fabricate,make up
obsequious,submissive
feral,wild
refurbish,renovate
confidant,trusted friend
truculent,aggressive
vociferous,loud
modicum,small amount
intrepid,brave
maxim,principle
abhor,hate
acquiesce,agree
obsequious,submissive
staid,serious
confidant,trusted friend
flabbergasted,shocked
inept,incompetent
inveterate,habitual
haughty,proud
deride,mock
elated,happy
vex,annoy
brazen,bold
amiable,friendly
deferential,respectful
alacrity,eagerness
candor,honesty
staid,serious
feral,wild
deride,mock
morose,gloomy
vex,annoy
wanton,deliberate
haughty,proud
brusque,rude
brazen,bold
chide,scold
negligent,careless
lurid,shocking
flabbergasted,shocked
complacency,satisfaction
refurbish,renovate
debase,degrade
rife,common
cajole,persuade
modicum,small amount
penchant,liking
haughty,proud
haughty,proud
extol,praise
sycophant,flatterer
innate,natural
decry,criticize
lurid,shocking
despot,tyrant
rife,common
wanton,deliberate
callous,heartless
parody,imitation
jubilant,joyful
umbrage,offense
despot,tyrant
rife,common
candor,honesty
knell,signal
diligent,hardworking
modicum,small amount
amiable,friendly
rife,common
truculent,aggressive
deride,mock
alacrity,eagerness
vociferous,loud
truculent,aggressive
umbrage,offense
clandestine,secret
